custId,name,cellphone,address,note
1,陳宏志00,0945812670,台北市信義區范例路197號,
2,黃美玲01,0949392920,台北市信義區范例路112號,
3,林靜怡02,0910435578,台北市信義區范例路185號,
4,張宏志03,0933978249,台北市信義區范例路130號,
5,陳建宏04,0995758349,台北市信義區范例路130號,
6,楊雅婷05,0930513739,台北市信義區范例路96號,
7,林宏志06,0981182864,台北市信義區范例路1號,
8,楊麗華07,0975579548,台北市信義區范例路5號,
9,陳麗華08,0951273847,台北市信義區范例路62號,
10,王雅婷09,0986149359,台北市信義區范例路21號,
11,陳靜怡10,0919289546,台北市信義區范例路195號,
12,蔡志強11,0927232410,台北市信義區范例路169號,
13,劉宏志12,0932162965,台北市信義區范例路68號,
14,蔡佩珊13,0966792612,台北市信義區范例路55號,
15,蔡雅婷14,0951837852,台北市信義區范例路103號,
16,黃靜怡15,0979467853,台北市信義區范例路116號,
17,陳雅婷16,0940158366,台北市信義區范例路17號,
18,黃小明17,0988961459,台北市信義區范例路142號,
19,李佩珊18,0939557077,台北市信義區范例路2號,
20,陳小明19,0940728046,台北市信義區范例路18號,
21,王麗華20,0919510312,台北市信義區范例路132號,
22,李建宏21,0999788677,台北市信義區范例路125號,
23,李宏志22,0927758595,台北市信義區范例路186號,
24,楊佩珊23,0973440831,台北市信義區范例路63號,
25,劉俊傑24,0935556386,台北市信義區范例路25號,
26,陳俊傑25,0957553014,台北市信義區范例路109號,
27,吳靜怡26,0917270733,台北市信義區范例路173號,
28,陳小明27,0964038913,台北市信義區范例路187號,
29,黃美玲28,0943374088,台北市信義區范例路50號,
30,李宏志29,0970211891,台北市信義區范例路36號,
31,吳志強30,0947385696,台北市信義區范例路119號,
32,李美玲31,0969476001,台北市信義區范例路141號,
33,陳小明32,0997529405,台北市信義區范例路139號,
34,王美玲33,0941726318,台北市信義區范例路43號,
35,吳靜怡34,0974606833,台北市信義區范例路55號,
36,吳小明35,0932097220,台北市信義區范例路98號,
37,王俊傑36,0945594951,台北市信義區范例路117號,
38,張俊傑37,0984593961,台北市信義區范例路170號,
39,劉志強38,0935487660,台北市信義區范例路76號,
40,李小明39,0987736262,台北市信義區范例路189號,
